{
  "generated_at_utc": "2026-06-01T14:45:59.730069+00:00",
  "runs_dir": "Train/runs",
  "fold_range": [
    1,
    5
  ],
  "models": {
    "sequential": {
      "folds": {
        "fold1": {
          "exists": true,
          "path": "Train/runs/fold1_sequential/test_metrics.json",
          "non_beam": {
            "cer": 0.16408186949411827,
            "wer": 0.3391866913123845,
            "war": 0.6608133086876156,
            "sar": 0.11829944547134935,
            "sd_within_fold": 0.2221707998461817
          },
          "beam": {
            "cer": 0.1617608271350952,
            "wer": 0.3227048675292668,
            "war": 0.6772951324707333,
            "sar": 0.14417744916820702,
            "sd_within_fold": 0.22205142296614572
          }
        },
        "fold2": {
          "exists": true,
          "path": "Train/runs/fold2_sequential/test_metrics.json",
          "non_beam": {
            "cer": 0.04004220386525644,
            "wer": 0.10183513838748495,
            "war": 0.8981648616125151,
            "sar": 0.5433212996389891,
            "sd_within_fold": 0.12973344922078348
          },
          "beam": {
            "cer": 0.03785480840989217,
            "wer": 0.08649217809867629,
            "war": 0.9135078219013237,
            "sar": 0.6001805054151624,
            "sd_within_fold": 0.12188785113415078
          }
        },
        "fold3": {
          "exists": true,
          "path": "Train/runs/fold3_sequential/test_metrics.json",
          "non_beam": {
            "cer": 0.013429377111427535,
            "wer": 0.03560975609756097,
            "war": 0.964390243902439,
            "sar": 0.8185365853658536,
            "sd_within_fold": 0.08168429882459688
          },
          "beam": {
            "cer": 0.012340508696987464,
            "wer": 0.028455284552845527,
            "war": 0.9715447154471545,
            "sar": 0.8526829268292683,
            "sd_within_fold": 0.07345923250781511
          }
        },
        "fold4": {
          "exists": true,
          "path": "Train/runs/fold4_sequential/test_metrics.json",
          "non_beam": {
            "cer": 0.013830155057315354,
            "wer": 0.0391425908667288,
            "war": 0.9608574091332712,
            "sar": 0.7875116495806151,
            "sd_within_fold": 0.07961027876261742
          },
          "beam": {
            "cer": 0.01305885794834969,
            "wer": 0.03401677539608574,
            "war": 0.9659832246039143,
            "sar": 0.8154706430568499,
            "sd_within_fold": 0.07551931922428126
          }
        },
        "fold5": {
          "exists": true,
          "path": "Train/runs/fold5_sequential/test_metrics.json",
          "non_beam": {
            "cer": 0.035881721274979704,
            "wer": 0.0908256880733945,
            "war": 0.9091743119266055,
            "sar": 0.5752293577981651,
            "sd_within_fold": 0.1203436770426235
          },
          "beam": {
            "cer": 0.03451978732877609,
            "wer": 0.08103975535168195,
            "war": 0.918960244648318,
            "sar": 0.6174311926605505,
            "sd_within_fold": 0.11690599937840584
          }
        }
      },
      "means": {
        "non_beam": {
          "cer": 0.05345306536061946,
          "wer": 0.12131997294751076,
          "war": 0.8786800270524893,
          "sar": 0.5685796675709944,
          "sd_within_fold": 0.1267085007393606,
          "sd_between_folds": 0.11213815635813777
        },
        "beam": {
          "cer": 0.051906957903820126,
          "wer": 0.11054177218571126,
          "war": 0.8894582278142888,
          "sar": 0.6059885434260076,
          "sd_within_fold": 0.12196476504215974,
          "sd_between_folds": 0.10867952666840057
        }
      },
      "counts": {
        "non_beam": 5,
        "beam": 5,
        "requested_folds": 5
      },
      "missing_folds": []
    },
    "bigru_only": {
      "folds": {
        "fold1": {
          "exists": true,
          "path": "Train/runs/fold1_bigru_only/test_metrics.json",
          "non_beam": {
            "cer": 0.14788732394366197,
            "wer": 0.316543438077634,
            "war": 0.683456561922366,
            "sar": 0.1377079482439926,
            "sd_within_fold": 0.22120695550144817
          },
          "beam": {
            "cer": 0.14490689455082556,
            "wer": 0.2949784349969193,
            "war": 0.7050215650030807,
            "sar": 0.17190388170055454,
            "sd_within_fold": 0.22280730149490216
          }
        },
        "fold2": {
          "exists": true,
          "path": "Train/runs/fold2_bigru_only/test_metrics.json",
          "non_beam": {
            "cer": 0.04109730049666744,
            "wer": 0.10379061371841156,
            "war": 0.8962093862815884,
            "sar": 0.5415162454873647,
            "sd_within_fold": 0.13269126195398676
          },
          "beam": {
            "cer": 0.03862683033531485,
            "wer": 0.08844765342960288,
            "war": 0.9115523465703971,
            "sar": 0.6001805054151624,
            "sd_within_fold": 0.12646619835205275
          }
        },
        "fold3": {
          "exists": true,
          "path": "Train/runs/fold3_bigru_only/test_metrics.json",
          "non_beam": {
            "cer": 0.008487589692045676,
            "wer": 0.02747967479674797,
            "war": 0.972520325203252,
            "sar": 0.8565853658536585,
            "sd_within_fold": 0.07197101376706097
          },
          "beam": {
            "cer": 0.007510400089343049,
            "wer": 0.021788617886178863,
            "war": 0.9782113821138212,
            "sar": 0.8878048780487805,
            "sd_within_fold": 0.06553551576883299
          }
        },
        "fold4": {
          "exists": true,
          "path": "Train/runs/fold4_bigru_only/test_metrics.json",
          "non_beam": {
            "cer": 0.01734088672571079,
            "wer": 0.047219633426529975,
            "war": 0.95278036657347,
            "sar": 0.7465051258154707,
            "sd_within_fold": 0.08602689227335596
          },
          "beam": {
            "cer": 0.016197239288278945,
            "wer": 0.03960857409133271,
            "war": 0.9603914259086673,
            "sar": 0.7837837837837838,
            "sd_within_fold": 0.07921623448479924
          }
        },
        "fold5": {
          "exists": true,
          "path": "Train/runs/fold5_bigru_only/test_metrics.json",
          "non_beam": {
            "cer": 0.0700348340797779,
            "wer": 0.18960244648318042,
            "war": 0.8103975535168195,
            "sar": 0.37889908256880733,
            "sd_within_fold": 0.20352135727886797
          },
          "beam": {
            "cer": 0.06618475157801,
            "wer": 0.16712538226299695,
            "war": 0.832874617737003,
            "sar": 0.43853211009174314,
            "sd_within_fold": 0.19842600198818938
          }
        }
      },
      "means": {
        "non_beam": {
          "cer": 0.05696958698757275,
          "wer": 0.13692716130050078,
          "war": 0.8630728386994992,
          "sar": 0.5322427535938588,
          "sd_within_fold": 0.14308349615494395,
          "sd_between_folds": 0.10598199488334312
        },
        "beam": {
          "cer": 0.05468522316835449,
          "wer": 0.12238973253340615,
          "war": 0.8776102674665939,
          "sar": 0.5764410318080049,
          "sd_within_fold": 0.13849025041775528,
          "sd_between_folds": 0.09991347033301644
        }
      },
      "counts": {
        "non_beam": 5,
        "beam": 5,
        "requested_folds": 5
      },
      "missing_folds": []
    },
    "parallel": {
      "folds": {
        "fold1": {
          "exists": true,
          "path": "Train/runs/fold1_parallel/test_metrics.json",
          "non_beam": {
            "cer": 0.18512950361344094,
            "wer": 0.4121996303142329,