{
  "generated_at_utc": "2026-06-02T14:12:50.445163+00:00",
  "runs_dir": "Train/runs",
  "fold_range": [
    1,
    5
  ],
  "models": {
    "sequential": {
      "folds": {
        "fold1": {
          "exists": true,
          "path": "Train/runs/fold1_sequential/test_metrics.json",
          "non_beam": {
            "cer": 0.16408186949411827,
            "wer": 0.3391866913123845,
            "war": 0.6608133086876156,
            "sar": 0.11829944547134935,
            "sd_within_fold": 0.2221707998461817
          },
          "beam": {
            "cer": 0.16371261275518278,
            "wer": 0.33841651263093037,
            "war": 0.6615834873690696,
            "sar": 0.11829944547134935,
            "sd_within_fold": 0.2214374478195919
          },
          "kenlm": {
            "cer": 0.14614654217439468,
            "wer": 0.25662353666050525,
            "war": 0.7433764633394948,
            "sar": 0.21072088724584104
          }
        },
        "fold2": {
          "exists": true,
          "path": "Train/runs/fold2_sequential/test_metrics.json",
          "non_beam": {
            "cer": 0.04004220386525644,
            "wer": 0.10183513838748495,
            "war": 0.8981648616125151,
            "sar": 0.5433212996389891,
            "sd_within_fold": 0.12973344922078348
          },
          "beam": {
            "cer": 0.03957899071000283,
            "wer": 0.10018050541516245,
            "war": 0.8998194945848376,
            "sar": 0.5496389891696751,
            "sd_within_fold": 0.1289905247075349
          },
          "kenlm": {
            "cer": 0.03324841092153684,
            "wer": 0.06407942238267147,
            "war": 0.9359205776173285,
            "sar": 0.6823104693140795
          }
        },
        "fold3": {
          "exists": true,
          "path": "Train/runs/fold3_sequential/test_metrics.json",
          "non_beam": {
            "cer": 0.013429377111427535,
            "wer": 0.03560975609756097,
            "war": 0.964390243902439,
            "sar": 0.8185365853658536,
            "sd_within_fold": 0.08168429882459688
          },
          "beam": {
            "cer": 0.01323393919088701,
            "wer": 0.034796747967479676,
            "war": 0.9652032520325203,
            "sar": 0.8224390243902439,
            "sd_within_fold": 0.08086942461562766
          },
          "kenlm": {
            "cer": 0.012396348102856185,
            "wer": 0.024715447154471545,
            "war": 0.9752845528455285,
            "sar": 0.8721951219512195
          }
        },
        "fold4": {
          "exists": true,
          "path": "Train/runs/fold4_sequential/test_metrics.json",
          "non_beam": {
            "cer": 0.013830155057315354,
            "wer": 0.0391425908667288,
            "war": 0.9608574091332712,
            "sar": 0.7875116495806151,
            "sd_within_fold": 0.07961027876261742
          },
          "beam": {
            "cer": 0.013776962153248756,
            "wer": 0.0391425908667288,
            "war": 0.9608574091332712,
            "sar": 0.7875116495806151,
            "sd_within_fold": 0.07961027876261742
          },
          "kenlm": {
            "cer": 0.01329822601664938,
            "wer": 0.03494874184529357,
            "war": 0.9650512581547064,
            "sar": 0.8089468779123952
          }
        },
        "fold5": {
          "exists": true,
          "path": "Train/runs/fold5_sequential/test_metrics.json",
          "non_beam": {
            "cer": 0.035881721274979704,
            "wer": 0.0908256880733945,
            "war": 0.9091743119266055,
            "sar": 0.5752293577981651,
            "sd_within_fold": 0.1203436770426235
          },
          "beam": {
            "cer": 0.035698384012990754,
            "wer": 0.08990825688073395,
            "war": 0.9100917431192661,
            "sar": 0.5788990825688073,
            "sd_within_fold": 0.1199732035283364
          },
          "kenlm": {
            "cer": 0.031141143500694062,
            "wer": 0.06391437308868501,
            "war": 0.936085626911315,
            "sar": 0.6688073394495413
          }
        }
      },
      "means": {
        "non_beam": {
          "cer": 0.05345306536061946,
          "wer": 0.12131997294751076,
          "war": 0.8786800270524893,
          "sar": 0.5685796675709944,
          "sd_within_fold": 0.1267085007393606,
          "sd_between_folds": 0.11213815635813777
        },
        "beam": {
          "cer": 0.05320017776446242,
          "wer": 0.12048892275220706,
          "war": 0.879511077247793,
          "sar": 0.571357638236138,
          "sd_within_fold": 0.12617617588674163,
          "sd_between_folds": 0.11207177869632115
        },
        "kenlm": {
          "cer": 0.047246134143226225,
          "wer": 0.08885630422632537,
          "war": 0.9111436957736746,
          "sar": 0.6485961391746153,
          "sd_within_fold": null,
          "sd_between_folds": 0.08532515796547947
        }
      },
      "counts": {
        "non_beam": 5,
        "beam": 5,
        "kenlm": 5,
        "requested_folds": 5
      },
      "missing_folds": []
    }
  }
}